-- phpMyAdmin SQL Dump
-- version 5.2.1
-- https://www.phpmyadmin.net/
--
-- Host: 127.0.0.1
-- Tempo de geração: 28/10/2025 às 03:53
-- Versão do servidor: 10.4.32-MariaDB
-- Versão do PHP: 8.2.12

SET SQL_MODE = "NO_AUTO_VALUE_ON_ZERO";
START TRANSACTION;
SET time_zone = "+00:00";


/*!40101 SET @OLD_CHARACTER_SET_CLIENT=@@CHARACTER_SET_CLIENT */;
/*!40101 SET @OLD_CHARACTER_SET_RESULTS=@@CHARACTER_SET_RESULTS */;
/*!40101 SET @OLD_COLLATION_CONNECTION=@@COLLATION_CONNECTION */;
/*!40101 SET NAMES utf8mb4 */;

--
-- Banco de dados: `fabrica-do-corte`
--

-- --------------------------------------------------------

--
-- Estrutura para tabela `agendamento`
--

CREATE TABLE `agendamento` (
  `id_agendamento` int(11) NOT NULL,
  `id_cliente` int(11) NOT NULL,
  `id_funcionario` int(11) NOT NULL,
  `id_disponibilidade` int(11) NOT NULL
) ENGINE=InnoDB DEFAULT CHARSET=utf8mb4 COLLATE=utf8mb4_unicode_ci;

-- --------------------------------------------------------

--
-- Estrutura para tabela `agendamento_servico`
--

CREATE TABLE `agendamento_servico` (
  `id_servico_agendado` int(11) NOT NULL,
  `id_agendamento` int(11) NOT NULL,
  `id_servico` int(11) NOT NULL
) ENGINE=InnoDB DEFAULT CHARSET=utf8mb4 COLLATE=utf8mb4_unicode_ci;

-- --------------------------------------------------------

--
-- Estrutura para tabela `cliente`
--

CREATE TABLE `cliente` (
  `id_cliente` int(11) NOT NULL,
  `nome` varchar(150) NOT NULL,
  `sobrenome` varchar(150) NOT NULL,
  `email` varchar(254) NOT NULL,
  `senha` varchar(300) NOT NULL
) ENGINE=InnoDB DEFAULT CHARSET=utf8mb4 COLLATE=utf8mb4_unicode_ci;

--
-- Despejando dados para a tabela `cliente`
--

INSERT INTO `cliente` (`id_cliente`, `nome`, `sobrenome`, `email`, `senha`) VALUES
(2, 'Ewerton', 'Henrique', 'ewerton@gmail.com', '$2y$10$VU0oP1YMA66.V3saoo6HWuIjSU3zgZJHbmcdyYjo6LnCUqWjj99RG'),
(3, 'Algo', 'asdas', 'e@gmail.com', '$2y$10$baO31UiOgXQGXEixCwngB.8314H0k/uKUv2G7HQcL2gp1jPoemZfe');

-- --------------------------------------------------------

--
-- Estrutura para tabela `disponibilidade`
--

CREATE TABLE `disponibilidade` (
  `id_disponibilidade` int(11) NOT NULL,
  `id_estabelecimento` int(11) NOT NULL,
  `dia` date NOT NULL,
  `horario` time NOT NULL
) ENGINE=InnoDB DEFAULT CHARSET=utf8mb4 COLLATE=utf8mb4_unicode_ci;

--
-- Despejando dados para a tabela `disponibilidade`
--

INSERT INTO `disponibilidade` (`id_disponibilidade`, `id_estabelecimento`, `dia`, `horario`) VALUES
(90, 5, '2025-10-29', '09:00:00'),
(91, 5, '2025-10-29', '09:30:00'),
(92, 5, '2025-10-29', '10:00:00'),
(93, 5, '2025-10-29', '10:30:00'),
(94, 5, '2025-10-29', '11:00:00'),
(95, 5, '2025-10-29', '11:30:00'),
(96, 5, '2025-10-29', '12:00:00'),
(97, 5, '2025-10-28', '09:00:00'),
(98, 5, '2025-10-28', '09:30:00'),
(99, 5, '2025-10-28', '10:00:00'),
(100, 5, '2025-10-28', '10:30:00'),
(101, 5, '2025-10-28', '11:00:00'),
(102, 5, '2025-10-28', '11:30:00'),
(103, 5, '2025-10-28', '12:00:00'),
(104, 5, '2025-10-27', '09:00:00'),
(105, 5, '2025-10-27', '09:30:00'),
(106, 5, '2025-10-27', '10:00:00'),
(107, 5, '2025-10-27', '10:30:00'),
(108, 5, '2025-10-27', '11:00:00'),
(109, 5, '2025-10-27', '11:30:00'),
(110, 5, '2025-10-27', '12:00:00'),
(111, 5, '2025-10-30', '09:00:00'),
(112, 5, '2025-10-30', '09:30:00'),
(113, 5, '2025-10-30', '10:00:00'),
(114, 5, '2025-10-30', '10:30:00'),
(115, 5, '2025-10-30', '11:00:00'),
(116, 5, '2025-10-30', '11:30:00'),
(117, 5, '2025-10-30', '12:00:00'),
(118, 5, '2025-10-31', '09:00:00'),
(119, 5, '2025-10-31', '09:30:00'),
(120, 5, '2025-10-31', '10:00:00'),
(121, 5, '2025-10-31', '10:30:00'),
(122, 5, '2025-10-31', '11:00:00'),
(123, 5, '2025-10-31', '11:30:00'),
(124, 5, '2025-10-31', '12:00:00'),
(125, 5, '2025-11-01', '09:00:00'),
(126, 5, '2025-11-01', '09:30:00'),
(127, 5, '2025-11-01', '10:00:00'),
(128, 5, '2025-11-01', '10:30:00'),
(129, 5, '2025-11-01', '11:00:00'),
(130, 5, '2025-11-01', '11:30:00'),
(131, 5, '2025-11-01', '12:00:00');

-- --------------------------------------------------------

--
-- Estrutura para tabela `disponibilidade_funcionario`
--

CREATE TABLE `disponibilidade_funcionario` (
  `id_disponibilidade_funcionario` int(11) NOT NULL,
  `id_funcionario` int(11) NOT NULL,
  `id_disponibilidade` int(11) NOT NULL
) ENGINE=InnoDB DEFAULT CHARSET=utf8mb4 COLLATE=utf8mb4_unicode_ci;

--
-- Despejando dados para a tabela `disponibilidade_funcionario`
--

INSERT INTO `disponibilidade_funcionario` (`id_disponibilidade_funcionario`, `id_funcionario`, `id_disponibilidade`) VALUES
(15, 4, 104),
(16, 4, 105),
(17, 4, 106),
(18, 4, 107),
(19, 4, 108),
(20, 4, 109),
(21, 4, 110),
(22, 4, 97),
(23, 4, 98),
(24, 4, 99),
(25, 4, 100),
(26, 4, 101),
(27, 4, 102),
(28, 4, 103),
(29, 4, 90),
(30, 4, 91),
(31, 4, 92),
(32, 4, 93),
(33, 4, 94),
(34, 4, 95),
(35, 4, 96),
(36, 4, 111),
(37, 4, 112),
(38, 4, 113),
(39, 4, 114),
(40, 4, 115),
(41, 4, 116),
(42, 4, 120),
(43, 4, 121),
(44, 4, 122),
(45, 4, 123),
(46, 4, 124),
(47, 4, 125),
(48, 4, 126),
(49, 4, 127),
(50, 4, 128),
(51, 4, 129),
(52, 4, 130),
(53, 4, 131);

-- --------------------------------------------------------

--
-- Estrutura para tabela `estabelecimento`
--

CREATE TABLE `estabelecimento` (
  `id_estabelecimento` int(11) NOT NULL,
  `nome_proprietario` varchar(150) NOT NULL,
  `email_proprietario` varchar(254) NOT NULL,
  `senha_proprietario` varchar(300) NOT NULL,
  `nome_estabelecimento` varchar(60) NOT NULL,
  `telefone_estabelecimento` varchar(11) NOT NULL,
  `localizacao` varchar(150) NOT NULL,
  `logo_barbearia` blob DEFAULT NULL,
  `foto_estabelecimento` blob DEFAULT NULL,
  `apresentacao` text NOT NULL
) ENGINE=InnoDB DEFAULT CHARSET=utf8mb4 COLLATE=utf8mb4_unicode_ci;

--
-- Despejando dados para a tabela `estabelecimento`
--

INSERT INTO `estabelecimento` (`id_estabelecimento`, `nome_proprietario`, `email_proprietario`, `senha_proprietario`, `nome_estabelecimento`, `telefone_estabelecimento`, `localizacao`, `logo_barbearia`, `foto_estabelecimento`, `apresentacao`) VALUES
(5, 'Ewerton Henrique', 'ewerton@gmail.com', '$2y$10$zHDNy8ZQn97p1RIkbk9ih.5DptXVCMNxG1UjmKBzqZIosAjyCriyC', 'Bah', '1234567890', 'rua bah', 0x747970653a696d6167652f706e673b6261736536342c6956424f5277304b47676f414141414e5355684555674141414f45414141446843414d414141414a62534a4941414141366c424d5645582f2f2f3868495348477a65582f595763414141442f59326b4f4868344148527a352b666c4c4b79776749534752506b4564485277624943444c30757535536b2b3675726f6247786d3075732f4f317538364f7a384b434141574652486f576c3858467864455245514f446734594742692f78743363334e775244776f4a43516b6c4a53587437653230744c52545656315455315049794d67774d4443676f4b4268595747486a4a7445526b742f6735477171717268346547586c356438664879546d4b6e52306446746257327072384e36656e71626f4c4a485355393165596149694968704e445a6b5a33457a4a695a41514542504c43374f556c667858574e71625869414f6a32685245672b4b4368324f447241546c4c58334f326451306674372f63744a4356634d444c61566c754a505542734e4463735a5a74794141415673556c45515652346e4f316461316661544e647561446949517a51634967494745454846513146554c4c55653272747633376233382f2f2f7a704e6b5a7338686d516e4a4a4743667464696632725551636d5832374773665a7a3538324d705774724b567257786c4b31765a796c613273705774624755727646534f7876747947522b3939374d464d747a66722b6a2f396458706b786b6e4a3566442f42355654793739357868722f7648347a4f776a49303636706e6e33766976356148715067557974566277364d397578384c42302b7038794b456c577554574468394261784f4e4f456e77427873464e376b2b6554436f6e66667749356e373650333430452b494c6c4f51342f366450494663545741517a76546e347841425761795735314b72304d2b626c476743736b7074754633372b4e5055665877504161716b382b507a76726b7a656670664b4a5143706f79595a5a623844567242396c767150787962674b2b332b4b61726c2b5a39536a5368712b326f4e494f4c6b31415341614a4261527975454936726c74356669787a677048767775343256736e367744686c6f344f36466853423837424f4265504c344134303843636250573570594237442b6d2f75737241506938477141483856755a3645722b4f46524357634b54626a503933354d6c544c4b4341635333306f614e7a6457416f2b704f65674e516d51533773505135475542506667586d707275706e63685951704f6e626b78735276386b42566a6377337261325977587a6c6a432f3831626a572b3444705330396a6d474a634c7971367070307a53457359532f2b593330506e486c36435434687470764b63334c5a536451302f6274426a68523943624e314235783558514372306a6c71306e394e2b4a626d496472706f7a4b72516a774f75305833457a4d2b4868776c58544e6b3356755270346c44423076597a386a76754258312b692b43537a6862554b55396d306572516a6f6b306c58592f4d6e4534456c4442304366756f71486a716461426e7742484c6345526567663566364738676d7270584b656749477831784c35755930744957367a645336676c305a6f37547a62553950647239673936337a615130415034567a447033553733474976364c306c6f4c70772f4937574558306c50744f444c47456f655774346169334f6b6a7171386e6b414363324e4c496d4b774165396b4d414f2b6e44656f387179424a6d51466a457a6f325a4d3247776a424d49366d716f435547346d776e6831396f61544d314e473477386d684a726f2b55432f3755496a384749497564695167436d442b762f596f536e59474e734e482b7767332b314437572b3653394653474d4a5a394b37634d6b53366c6d79767850684751423070345535414e514d59484a42754a4d767769474e4a56716a516f2b344a4f6d394e5146684c586c325269626661336e7949574f4a3171765647446e425037735458582b437047664b662f516851734b6d6d772f4373556c594172584f473959353064652b6671454c6630507479374f757a2f6179683132616e4a4a754e467046397178687a52327943644d5859616a635970576f6c623776364d6b587948356e6541676d5045745968554b544545575774336345355a6961727042586e723551497046506a4358715673463678585955475a6d2b4f3031524e4562794b47425547457338394479414d2f4c666a416e4c796b6b6e44344336787079544958305364316e7770496456564b6349453461596552565248674335367657727477554c31674d327174326e374e39393365356e536462597255454f4b6e70446a616a48456a3741525976677a534d7147313666454967747054674d5570576b614569782b2b4538682b696578524c32666243433146764c71566d67676a555639656f4b36633047414c4257326a767735546d6f35364e6d7766712f7a4c392f4c624a45675870727565587743454c6231772b4a5749317a42354a6570562f5941536f65414d4a43495374456b5355384157384e6158747259596c48614257577445326a54483159446d48682f7a5039754d67532f672b657779624d72533070467146566e3771676f6557663149506c455761424f4477456c6d67743451636862354736434b4f46734446444e6743736356562b415746425735745958514b7a6843395462506a7962505749513767414d316374662b5837554553457568444866525a4c454941356557734a455672314239445161766c664957774b495777636e5a6e74314f34487a784c6b78363137384e627937494a514962546d4179444357756c484d513568766570706d356b795a3874597770694469765947476350364e4167624679346c695338486f53685a52476774677255325535557649697a686678456c696a7742796846617652456a69583869775830493452492f57496f344d636f532f7664634146486b6d3247574962546d4536716835572f524e456349496333364a643039773663775377512f4367427a62753255494c526d4e704245365a657346537930443248374a47587049785a4c4c437a32732b43746152526855694b30586c74555133394c6d785644434f6e62547862756a3773526c7641335074463172534a4d4b6f534347365049706f5951656c61655147776e4b43567964596c37427443616759376d336f6355516d6a6444366762552f3268794453474554496a30566e70697a4357474d773546613062474c646545535946777362437057374d5470676b314169704d374b534d32517334662f394e464d524a6a46436a795459466c5458546f7452684a544c346c316d6c6a6668574b4a414b5855397a6455635170346b53757075302b494c71642f7a434175464a7245664d626b334b5576772b3367746a63634d6f635846756c2f5579663769387744335949674972547077686a49507a3169697862504547734a364263496c52784a464e6342765a5567466932746f7a636b4c516f7247307a4655723546354c67433063672f725a51694e58704f52684d534e41587a467a35434743694e6b75695976462f4573496269496a52794b4d456b515570496f446451643763552f333075476f5542596f5055696d56756959416c667653466b7971582b6f555a494e665372657561697541664643696c4335673146383852336c43576164557638717a794b4d4d6b52686d4e64456542627557724549537755564a78426937767551304545534d50362f726f36565157457353527873464d576c6c754773454359573754376a4358635a656a7a612f54575a41684c33324e49347363414e4e5247616f51394357636f57634c2f50434a686666376557685368462b75714b3937465853414a7732334f6253564361303763506f544150526c3336465464655269675256706d75766c332f30555278704c4579322b364256744c712b346f455871635156696e4f38415066526d7153776766586f413775386132663042592b684a48456c2b414a4778375a685869454c4b734e54614f6a43556d38776841577131663538516d5156695478376f594948566a76496a41663878596849777a2f4a525a444575733231735445565a724d567677483661686f7941696945664978786d796a424f562f4973775767694c4239534e5165344666736f564344334f494243706a664532622f524630477239656d6644567941732f6968526b68694150376b4b6f5657666947336f5a6f516c2f41384264655a58684e4641364a4545614b6737705871326367317048526576665a516c676f5665583169664747487835537341524b3046657a5a4132464e447647654f6849516c436e7859762b346876786945785765446b67536163524550526d6a4174705243424d3777586b53454a66685873503552564456436a6952633064515468495972652f625147686e3253505968367132745931676a4b5549573635704c30645144516a5252417551347735575a6d665555596449674c50373578556a6950465359416f53472b36706f634168514e4d465952743352697a78625a7251514676644b6f68736a523269344d694d4330707351694b335170334c707263794938433373786967516f6f6e616e6e704179475a445473686a573163524a696e433473734f52784b53525749494455647152774169354b62454639465945714c497057395441324878756361354d54494148454c446e4d564170476d30377052423345425948342b772b4a4f527844516144345152476b35646a5a423134626c3072613031466d47534943792b384352526b4b2b50674e422b69466e45516d4645614c4731674f7057746b6d59724167356b7241647066344a434931576a4774546f44314177426e55572b7475366f5162415746786a3474313552724b49795450376b534464367658672f57484d42637a697a55486232316a70372f77434b4f78726c5373432b7835483937684a4b4564535837505273334a7777587078617444627335767239784d574b3941364d653651424b6d57764d733246726f63456765313132497273326f5a534e6b75385256594a7778364646766257307a376a4549697a2b596867376d536d2f4d693237424b7a306b677a6368703855433432496a62475a706e474650382b2b745449487758786272536e4971494133576965496868496b476e74457033586c76697551754b47656754587072495951475278494c465478506143634b52676a48466a677344324f4e6250715256692b30724667306a69504c6a4e426252504c72746a745461326876796a3170675041497a766d6a314e4a727368794e536133736c434f59395966314d6f5167726953745354583048746e6352774f456446374a4254337463566b6f746a39375466616e472f4c5735416a447361367767686669515134593459637a724b63736c482f67734643506a6e4b475278516238745a6b4342564a4d614b68644339564d616b51684e656b637561537636574e66434a5273747a555a6e56555143694a64646b4463673231746431716c534a6b38324551424e4c414e30516959474f376d334a494977686a335a6a7a4674654a386c4b69434c6b444c4f77707641784d436e6249596157357166376d2f426b656f547a574a632f4764364a38666f4765714d50514d556667326c6a315a6374736d644e7762476b746f5a6132305a30495530485374433135736e70546e4c6f416846644e63623676425670753965623364556e6f4e6431454e55324230496e523048733331496d4345527154415252656f46654975546157394f766f4674306b59617959652f4a6b51643259386d2f63726e6851346e7379444f544f434d753772387233524c53427850656f76376e7a5431644e6476556b557863695174752b6230435863446876474e5548326a65314d6335594d646e4654313351546851426f52324d4a6b506b6273646b46344d76684b4a682b334254385650385a4e634649346b64316f6e434933536165416554576c6c736474475842696a39786a676a42714641456e776e436f6651486546466f39317072746f7449742b3661633551492f5249516a4631775243617233527453436b4349625872546d54446e4b4765374a71314b456d45476d6f7051764f4347324a3477417074542b2f7250593874314467337a426c4b684b39734c696a6369554951496f634c4a52766e734f436f5a614c70636a4762313332637375706f48656f5a33553163517942484b497a6d3758344d43554849702f78702f703667744232334e57694f586a326356694f4d6b2b75623267426e79436537574b7762476333374b4a7447614a79336a4b6a344f4631374d463265333963466b44544f32455469577a725a78574c64386f366b56796f3655534b755942696f7435366d75785448447a6248475a4b354a32487149674a5067704370614d774e45713751757246427a6f67676250436a65664b47327643554c46565238375a76397474642b626d6f7a6b6a596a42766a6a4d686b467866722f6c49303149626d44786e4136772b5638655864796142746d703132424b637274483752334e53364f554e454b4c67782f3147314b776f494778636d41306a6b3675623438657a51384848794a3473497a5638737a6b682f634b632b51693757725a612f796547464544496a452b35507177797639712f7654727a31374e4d75614c3567523874516134347a684d6b756e695469476d6f5a516b4646355438774846392b367649564e73595a4e4d375946454c5643514d6867487534414f416a744a694b787059697273697552454962465530387272557067794c30596c323242574f6d4c6a354343636444324567493044394141582f4f723742746d444d6f7773536a65544231675a704a56394358532f4c5255446e314963495a6c61756a6d35756a712f79324a6b453434456a6975334a3439475078755551486e3944306f705559494573646937516f78426e442f57755061547039547a72747765486a6669374a484d69584d6873614d3358783853632f467754567749536b44553374416932797363584f396148484c737862514b686a6d6b2b50325a6b6b5648754b6e3772346a7a4434424a4b30336e6c4773717443435a3332754c476d634534386c43664847524d3649734b5345544d58784470525249424a3361344b444e4b4b7444694c3839723932776b6d32667736487148716841454d6b48576943503559437239796947533032466a494969392b4963314a4673654f51366738595343514e36374f727766777734656a446a53653147576351514168323061695534764d4f3331565a51686c73533564514461616838774c726963715a57537744335767675a425868585a694c3549306e636e303457486164457a58345742324a74726447344377476b735350316937497270764d49537051782b6778613541697a32666935485447727a4f614e5734506c744d5767776b306f36796f464e424875735332525537555368436a6459744b53316176616e6a546c376e4454375859566d4e756765535974543165306933535449336875524836316d4331317669763457714f504e35543571556e6a5662475347756e4f7771506e384a7479735368473239356a733479724e3145644d477a32453870385539505967724a37752b526473567963794d5a73785465534c68596d78374d612f434e4c4f70705453724a727634646b576f366d5a442b4745346b4e4669484d5946686168426a4c45496933393249714e3532524853686a396b724b78784549677a32684b66507561496e6578695578646478495775575246535772536a517a65575a3049394361584a4739434e6f394758476f6677546447756d426b6870635851634a686c3965345844785048475578665a7a32424f7567424c366b6e775a51496977646671527354476c334b6a6841755865794f2b44504772506e5361546c2b65786a79364c3831757566614f53446a6b66366b4c425643666a545043566d4548424353793130646a6853742b59672f306464764f5a70796e627a515870783635465131326656544e5a715844384a4448456978316a352f6b666a4f52344b5269355a3770494561705678454b554a2b367149566e6272496a704359476c3737523949596970764e4259506154376d494d6f5463435150496c644279646f526e41656e7a7a644e69467a4554687856307943784b3276756c5a4a4e6473614e3565534338496b74494c536e584a743032413646564c47644b45524a376d704c324a51695a472b4f4d5a484e42566d6145703448337a594a454f6e46706444706e783066443464482b585a736561555033496a6e56725a337565464e412b484a41684c6b7868723255482f464e7a6a625252346a744444576b644c67646d5a2b6f7a314b356871714f436162636d67576653325672364a6e735658596e486e39516b7679556474436f7330753933414b35383432314d704c326674515239412f4f7457476c57484b6c514970706a597a6e366e644e765850316953564664416c4a4b3036347a446163344b656a5855674e2f4372365363633133753175424e77617a7051554472474e574a41726e43424759477973383042396b743737386e3733572b436451586d49554c6e73486b56736b6a78394a68424a79624754374866653734345348422b4350774d6b494475716a3179707a5767466d77417a3066352f7633746d4b746941754b42366932414e35614e43574b48704d496546573357546e615838666e6346346576713659454d784657523677494f6c744641744c724a4f4a2b636e76546c2b61507568553937566233376e764373464455666a556e4d7570426b70776c763439564a6a42447537464b6e6756634b334e6d56646767472f3754394141674a79636d2f68534473435271644b41782b7833765862766f69516d6564434e2f6c647343776c6737697241644261496c612b70636a4a4a61474867654f62787556507a57782b4e54534c4a4e626d6e64454f4d525733424774687a78694f4355617263455737336d4870534579506f6e6470536d6d702b436a446a432b465775562f68364568794776545a3264494434366e62596c457748394a4c2f796e6768784b74465a68494b6e64755237794d412f32374b7a464a3733653937706a4b393152784e36306a315230306a4b2f6f54346431524a6c38487164784c6c6f764b346c2f7550357233634541485456434963546a635233685663716365567841306a73536e396b4d506436692f616436746a69386a5546416244756c3275664c595052396579713452496a33382f32512b53676272537a7266777866634a5a5a656b48475678335170354648317665713653333168794861516f6a6936666f4648536557415a7555424a32776d724d38636b65717156796e6f434b55654e613245496a37504f49597565534f443365766e53682f7139545a4f716b4c424b584a783579704b6959614a314467754f38726c35686c37546b582b39506169486c6a4435636164482f55697675596241636348706843675175345a46504a43434358395a45746d744b59364e4870765a496262316271516732516e44345271486c74484851533275626d6e4234543070545066524a435047726e6d6932656c4b537154384d56725766644d5648676535412f367148584a34657a7244566a6c7441735a614b626b5145394d32442f555065364c4845334551432b66546c6b764f7a37416473336e42465a364a4f354d304338566850446f4a76724832657a65355946656d665a756c6858634d6457372b734269724d4c3859445878544f6e69346d504d314532744f6b477363336f4f7a575636776e31782b5956636d32367a4c4854514f696264642b43304b765a34566d6c796b493473364e7969516845337054324a766c4b526e3075783469594378595955587462417a4a71506565654a664b6958503250774b6c44547a6c65725156625071534c76676343703447316f626e3752464b4f62556f6b763468703231374163415138754a5078416564344b6d39516f324e74304e6846524955714661567338423851432f5952334e34337863576c64776e4a6c714d74717935685077426254484d636b6956704f73496a33674f35645441566e70705056774c78324b396c7451674354545870504a70454b367236766c4e33556a4f385a33414c64413548517244494e6f7436617a586950554956573448376e55657a597a444e51434e31564c7064302f61704c342b5077506b483175313464644d712f4b647533522b54795963412b6b506c736144422f5333494e453643555531564b352b766c664b63322f2f53365632566b4b756331396a69646346644e3254626335656c3073586b644e32335335344b65743261354c6861736c566c582b5734334e792b5135757a7538445232535a6a7565324b4c44624a356b6e67354b557935464f5a38397574396445514230636a6c6e386267544d326b755346392f3945456c3130694e455855366a2f6d4d366c33646d6b6b7764767166316e42307a76443053663772625850796d4e2b42532b4d7a63305859337a584e757a554e586c66476438675565312b3648624e2f75352f762b377a79586d57636e467975632b7136636e4e36306d592f316a2b3848712f6c704b576a38623563786873356e71754366333938732b4854466265796c6131735a5374623263705774724b567257786c4b3176353335442f41745745664a5168553976634141414141456c46546b5375516d4343, 0x747970653a696d6167652f6a7065673b6261736536342c2f396a2f34414151536b5a4a5267414241514141415141424141442f3277434541416b47427849544568555445784d564652555847426f594742675947426b6247426f59467863594853415846794164485367674852306e48526f58495445684a536b724c6934754742387a4f444d744e7967744c69734243676f4b4467304f477841514769736c494355744c5330744c5330744c5330744c5330744c5330744c5330744c5330764c5330744c5330744c5330744c5330744c5330744c5330744c5330744c5330744c5330744c662f4141424549414b49424e674d4249674143455145444551482f78414163414141424251454241514141414141414141414141414145414149444251594841516a2f7841425045414143415149454167634443415549434155464141414241684541417751534954454651515954496c4668635a45796761456a516c4a7973634852384163554d354b794653526967714c53302b455756574e7a6f37504338554e54564a50444e4456306734542f7841415a41514144415145424141414141414141414141414141414241674d414241582f7841417445514143416745444167514642514542414141414141414141514952417849684d55465242424d6959544a78675a48776f6248423066455534662f61414177444151414345514d524144384135687754685671356156337a3569374c3253426f6f51383150306a5669656a566f6b6c626c785a2b716673793075696c75634f75352b55755248316256614134527551456375364b353553615a3078696d696c772f5236366445787272334135675067352b79692f3948654971657a69456236774a505076746e3761735548566d575257396558635257777775444442637a6b7441596f6b6b36375433626a3430726b78744e484f7a776269484f336837336e31512b394b5a2f4a6d4b45357548326d372b7144452f774268322b79756a3850744173796b4d32575a55396b393350783778566c2f4a6948584b7974346b45652f51545774646a627271636661786c50796e44727941632b73754c36426b706933384a746b784b2b58567350695a727379344957784f596739792f6d6164693746746c61626b396b2b324730374a33374a6f556e2f414b6255312f6878323768726552626c706e5a53785348414441685a4f7849356974502b6a506a746a444e66363979765743307177724e4a51335a396b475061577373725a634f6f6b4566724677534e6a4367534f5a423039614a34546777795a753567504b56445350576c54354c70616b6a7443644b4d45524a78434b5036595a5034674b4d772f46734f2f7358374c6556784439396365766a73684358496e6d7a486e3530426434525a31374a6e766e783851615a534138614f2b71774f78423874613969754434586861524b334c79612f4e654f3775416f6a5069455079654e7843782f53592f38415657624d6f4862366246635350535469567662474f336d465038514e4557656e2f4556414a75492f3172532f3949464935446147646b79303072584e38422b6b693548797a57415279367136506a6e67556e2f5330716e7459645748656c3758304b6666517177376f36434c57744558724439573356465675523253366c6c422f704145456a3331797a472f7065456757734b5a6a65342b6e6f716b6e3146556d4e2f53526a37756e5843304f363067583353326476534b4b6858494a5362325259644a4f4938543631374e2b38564b6b4169323256494942424757435151526f303731524a685070475a377441443369704d4e6a5464553348646e615143575973784a614e536464767369694759616559303878503245564355326e52305169715055777936794f58505853764855416144375064526c704d7a4252757849556435796b78364137774e4e36632f4337696a35544a62314569356347623932304c70507770494b5574304e4f5559374d44736d514a38616c73367133654b4e772f42377241354c4f4c756a767434627177443474694831486a3164566c2b3879337861425a56325a537974326c3631576b6f7171645635434e4b656543536935574a445047556c4768397932514f376e587475334d656256626e6835593644546e38616d7438473141312f457a58482f774245614f7a7947553634637a747079393165336b6736372f5a765437324f466f3637417770304f737836616e6e3356595763446e67677a7a3839507872537a6164325a59723252546e447a476e4d66486c52687378377130646e673067456a6d443661785176464d4f7470535434652b49716138566270446552487563393472417831734e6d4b546144674d567a4c31766157515152496d744b33537a67746b2f7a626862586e476d61385150574d30316d626c7750784f77534e446573676a774e3964506a522f52473362753479796c785162624669796951434f7263774931355637577654424869796770546b577a2f414b53386248383277754677793936322b30506578412b4656754b365438567636506a6e415978467467736e754152515a30326d75676350765941514c5747773658435a4375716c696f4a42796b376d41666e61626e5371447064785a4c3634426b6b4159676771536f594e6c49686770374e4973376b396b62524664444c66364c597136637a6a464f647958425434336d724c644b4d47624e39724c416732786c676b474f63534e4476797274562f455854692b7a624b322b737553584371785a6736365a707a4b526c493047386339654f644f324a78312b6438356e34552b4449354f6d4a6c5649722b4874414e4b6f384964506653703572636144394b4e6a304855645170615342647561446e326258506b4b334f4552475a51517848647a445154426a6c42356546594c6f63534d4d50393634326b657a6233725759556b4d724b793772754a4770797a41494e4c50346d4c4434555733454f443667496859524d647848502f4f726e42594d6a446f747868624864724a45794f652f3352586778364c37523132796964314c4b6439494c412b364b5a62784c465153444930456b7a416e515349392b394b67735746766369474c4451744d7a484d3748317136745767464c4f54704f6b612f6a512b4574416b4f4271544935314e69787a646a3453636f46455547772b4d7a7577496761676152374c4d494e50346868774c643644714c626b2f756e66306f444263527447356c2b635a4f6a4a7a4162516c684f785076713034716b576278672f73586e39787657735934524d5964516556363450374b69694d466a376c7530355541717271476e594e63513552754f567535727237506c49324950794b6a2f62584438467158444f76366a69354d4e312b464b366235567845676e6c3756614b54622b624b74744a5632527263586854325a695a2b2f53686e7351535433566f2b6a31704c3042766135486b61742b4b384252465a6951756e354e637a7930366f37764b54366d45743765382f645175497651544f6e6e3555666176415969786c3048583252363362646158705630792f5537775272623341795a7832397378497977664c772f455a4d306b31474d6262497455633676587833672b2b6f657445655a7257762b6b66444832734e632f64734e2f46526641654c59484858685a544371484b7330334d5059694633505a456b366a536b6c6d6d6c63736258322f737961364e47476143776e6152496d4a45374138764f70754a634f4e746970314865665434475236486d4b73654b345544473356524656413543674341756730412b3672784f4435724f7575614d73626c7477505364653777416a5479366139792b5048714f655738424c4d526f42452f536870456a7742454539374c333166596a674c4f37716c724d5951396d4e4e4e636f5858556b6375565866444f413343354a544b73715344424f6863526f5932592b346d6a57786438713247573834436d3678494a574c646b427371787a305962784b2b4a706f2b495533732b425a346443334b4b317735374e734931765653484b734747724667415151473570336533567461344b7a47427245447a4b68562b343150684d45537967326e56384f46765062336273757968434f5a4c46474732674f7531613342346135684c61746972596c7a6c42527333614d6e74616231792b4a6c4e30317375767356777967747558305863776653546833566f6f59434d36784d647a6635566b635a694c31785a4c4e41376843696474414946626e39494c334779506b4b726e41457848506b436170735a675861356451414f45796e545363307964414f3461636870562f427a76446433757950695665576c324d62634c6e51753542336c6a33452b5232713974583476576f2b61736638414d503330722f43776a4b4c674b7a4770426a55784a3030486961435178696d552f4e5a316a785752396f72726c4e54673637454642776c4676756461365059693363396f7752486c35314e30777851733267554f72746b6b636751535939776a3331716542765a7434473162367930565732455a7336786d4b7951544f387961356a78786f7736444b63386b362f5255786d3135456e5476414e654f2f442b544a4c6d392f6b6432504f3831766976314d787833464b793661616a375257322f5231674c32497a74615a51695a516338784a424d434276413138785850654b7351734563783974644b2f524c306d73494267386c7758626a75356673354e453047382b796e6475613749594954676f79344a353830344e75504a6f2b4a343572446d7962655a6f44537530476670456478726e585372694e7773325a5930356b48535233666e57746e786245506a6269336251366b424d70363363366b6941736a6d656459727058676d5536334666546c50663431775261382b6b3034394338553169335653366d4e2f57436d4c533652495335614d544535626b784d474a796e574b49365063564f4875323777554f626377704a575a51727541534e3571767666744e54726e7436636f6c74665566476f634f6530416552412b4e653839346f386c66457a563472707135496a4432464b4577584e3634796b377751366b487a465648464f6b647938794d3556536a53755332463147786c6a4a4135416d5043712f487144644a4f76662b386161746f526f42723456765375674e4c44372f4145737864795a784e3758654c6d535a37776b56526351756c325a6a4c4567535353544f6d704a3139614b6a566f2f4d554a6937684259636d437a376f4e56783165794a35453074794f77644b564f736a536c52664959725a48514f6757447a345268477657754e78763164714e2f4858335659345443465372375232704f767a7741496d4a437850694b726567474b744a687532596d383051534e5262744466333056627458537841653256424a453341642b63627952424e546c38544e4868477274755752793449756f7847684756753072616377426e45393259564e6a6274775a517042486944485a6e32684f68314872725650684c684675327561324369377545497a5a766142445a745643694447696a757130346b6264784679336a615946324c5a63344f654a324b6a534e4a6b2b6c4b5a6c357762694265305346795a5242472b67556169496748512b38313765744e6354724d7a4168544967454543666679373670654759684574464f755736546e476977784c5156307a4151707a4832684d3056597859745762674c676c696f796c446241423345677343437562584d596d694146344e685250625a75316d5579534731594b563162574d7833423861756e75483955784e747a323074586765585a794f41524f736166474b78324b78714334516236746c51475157625567534a5735394b6552697452694d524f447645455a76315336484f704a41744d71366b54796d4473575066514d7a6931346a71626669393337562f43764d73345739742b3174623766733770487633706c302f4957682f54752f774151714c45586f733356313165326644736f7739596568482b66354c4a3762396a6338477739307376566869305349614b364478396b2f6b7772635539646c416d4357367a52694d3364754a6d4b79665233477262554d54726c4832442f414470324f3654645a6d566a4f6b416367447270484f5a314d6e586c58433239626448644c476e474b73796e446d505857503841386979662b4c626f6a394c4837653051492b51582b4a2b366d59615031697a2f414c367a2f77413161642b6c7378694c4f3864534f2f3662627a5645373852443550384167353871714c4a7366776177654757726949696b5a577a374f32594451784d6b795471644d6f327144394631724c78436558565866734651385678444468474663584762746c41476a7341466779364153675a526c7a54485751446f4b382f526c6979334542334731632f68464e6e6a4a5970752b34696c4754573359584838515678642b44732f5079353163384434793870415669466341617958636f427475597a6a336e767250644a586a46337639374238744e4e75367444306634796932797056594d6a6b4f513030726c7a625930306a76384f726b30612f465952304e705676494d5266434272546b5a59796c6a6c357151306a575a694e34465675427835733376316650615961327a63644a4b746475473641653853774174365a6d5944516954586e6957427474324d57725845526769334c4633716e6539794a7479326a4b6f4f34313037685459446931322f6a4c5a685875572b726c56746b367137414252724a4849676141547373433863576d4f7049387a4c34695770786d374e72676862764e3139706d554678617647392b3044326e79725967455344436a4b4437494f59796175654f6466694174683143354d72737935707a4b317a526332774b674857543271776878563744706475583750577574362b724d626f444a6348626c414177476a4e414949494d61434d3566454f6b56746246752f62756f4d4e63594b624b334761344c304632446a4b41494f575234376b52557375504a706c7058494d47564c4a472b67756d4e6c436c7046613454313173533046524c5279416d7137675845546278317768637973715a6871666d2b414d366b3152644a754947344d306d4f735752507646575038707468736269473157483145376d5772594d556f2b4672722f68335a5a722f6f572f357562666a4e2b4d4d6d4e4e7532633546733263704d4b7a6b534437524d516375586e5849485566723934446c65756a33426d4834566f4f4a644e6931316273415148304167426a6c426363354b716f334f315a58423379324c75763841536134784831694456384d48474d7471324a354a57347075397a65634b786a5731747048595a3363362f4f573341306a58655a6d70754a5967457870424f33686d48345653346e4664713042734d2f71593170743238536439526c2f6861764f6c6a636d7050742f4c5053684b4d62532f4e6b4438625762666d5638397a7550665266526d7751785a57794d426f325654456b67364e6f5a452f47717a6954546241373248777032447865587967666166787270307938716f6b6d342b5a624f6b4a78337339546c746b4c4446786d4231414757444f786e6d65565a586a39384d4a424735452b553151322b4b6b7364643150763170596a467972446c7637356e38616a48777255314a2b79443573564270464263624e6641484e316a382b2b6f374a6868356a37614934656b343277442f35316b65724c513257476a2b6c486f3165303173766b654e462b702f4d6c786a646f2f6e357a56355a59396e3838366269597a6d535149354166536a763861626262593072577739376a3759676b2f6e617133476e742f6e756f3874725664696a327a564d584a484f2f5354577a325258744d5536436c52614758427165686e46734661736c4d53464a36786d554e614c77475642493030396e34567046342f77625356742f2b772f393273514f50322f2f41454f452f64662b395536636674663676776e2f41425037314a4b32373076376f6e47367050384163334364494f436637503841396d372f4148614a743949654252424b442f3841586950755375666a6a6c722f414666672f7744692f77422b6e6a6a64754a2f6b2f42656c332f457266522f6444626d3874635834466d4a4c7047755745785949476b535937706f367a78336751327635664a73594e652f6175616a6a74763841316667663362762b4a556f3433626e54682b42322b6a642f78614830663647536b644f484865434858395a3137382b4a2b385533697648754666713139625749426332726f526331364337576d554343494a4a4947746331546a7476662b5438422b37652f7741576b4f4f32352f3841742b412f6476663431612f623967365a414e772f4932523433503478512b4e54354d7433766c6a36716f5a2f74556278446951756c497332724955614c61446864544a4a7a4f32766c47396533626c6b324c3658467564594744576e51417147684d79334157423143714a452b31747071636650362f714e5061495277766a424c3355592b3362517072374c5732413038304c6a333053626d76762b38315138485a4266687a6c4457325545374238704b7a334173414a3554566e63665148762f5033696c6e476d56787a62525a634f78453469794a3276572f34314e61337035304e76347935616532397441695a446e4c79546d4a30796f51525850637858565442476f494f6f494f684238444657474777474e61794d514c35794d47594450637a484b78426e4b705547564f684d6d4b3570595a4f616e4230316654754e4b56716d61553942635132434746613561374a4c4a4275415a6e664d533379556d4142413854542b683351652f6738514c397935615a56523137505754323130315a414e2f477566667968644b35686575362f30322f487871443965766264646331355a322f47684c446d6e4677636c547539753471635530364c72705733383776663735714158456b456a752f41554a65756e636b6b38795a4a2b4e45384577725837793231754a625a35415a387845685a325657626c33565a5974714b724c57354c6a73523146744d705933477a484d4351426f6f5572794a686a346a5461596f546f3944353831343232544b6265386c6e4f575a6d594250396f37556630767a545a526f5056325556574230595a643145444b43306e55413972587742364932412b4b56544f5567673654453761534f6356644a52697a6879527436677a7044306a653532475a2b725a5a46764d5779466577736b367363694a727564353171686245426d574643774f38366d4e2f674e71322f2b6a74734d70753273672b514a7a61646e495735726f686c556338705771726a334462466d797257775353496c6f42424e78694a3048616a543675516a65744678345173636254314d4176735774774f624b505854376150343968696d4978435a7079454669576b37355a4759356a32694f38366d67377479356676577253596b34674b6779466c4b5a416d5a7367423130416b6438785739365163447846374432317457305279397a727278525174325774646d62617354323151367353594a6b7759476a53714b2b5a716c714f6559726876794676455a2b793932356141796e544974747330387832346a6c4651384d3075754f344f5053425775586f567848716b73576d55797a7a6b4677667446414f5a6d695649747449412f384d6147566d6d3478674c316e48586864746c47664f344242476a77644a416d4e6a484d45553071307449455a505772376843335a6465375837422f6e5375346e377634542b4e42575a7a4c504d656d315133385746476f6e51366551486858457356756a30664e30787468574b78487959486a39786f6672644e2b51717550455649495a473849634344336e734752346165644a4d537241364545446d515279483061764841306a6e666959796b57566935424a6a63436948505a6a776f72695845627334504b6f784457374b6b4a6c36774459465755704768556653476f3137365335785a376c78324b71705a6a4b7171714234414141443343744c432b514c4f72306b654476464d566263414570635277446f4355686f4a354178765472746c6732596c4e586e523162647468427233684b6873625a44526c613962444536444b54424a3145434a3569722f703562734a69436c677155566b4b772b66645a4f736d6461724a384c324f65484c66755a66454e4461776650367837716148694b38612b515a42676b6376724578396c5235744b6174686b3979526d316f50454e4c4d6647707732744450756161436f6c6c65784d446f4b566541557177795a643447356475715774594b77796777546c4d5447327230646277754c3559444466756a2f456f6e6f4b6635752b685079762f4145655272563273764f323335394b6e4a704f7142464e71374d69754178762f414b4443447a46736662647165337733694461444134512b58556e2f414f577569594c4449524f67476d306b2b2b72617769675253362f59616d75707a4b313063346e7a776544587a466e376e6f6c4f41635535574d4350367156303154526d4838367a7038704133377335574f4163572b6868462f714c2f64727a45634434736c74376a506867714b7a74434a4f56464c474a74366d4161367a625a544242585a54367a5158534b334f4778436743577358674e527562542f6a5153585a47626663344c6a7549584c79575335424d757569716f396f41614b414b754f45345a6a684d54664349347737717a4b3474624f69546c7a326e4a6273624167416136316e454d4c616e6b317a34454837714578574d754c32565a6c5674534153416442754a3170344c65766e2b343033364c4e4d4f4b326a6146356345374133445a557a5a48624b544179595941744230575a6f4845595737614146323239736744526c4b39336637366958474f4f4873633545333167426a453557375757596b42596d4f666c566477692f64653842443364484f5753544752704f78323972626c54754e6952794e66554f363753505034785168347539736c5667454d776d424f566f374a49676b6236547a707258644b433469426d42484e51664d787238615847747735704f6932785750744542736e5671796a4b6c72744145534343576151646a7364364b56635171584462564461566c307549684c4670496a4d73746f706b694141764b6453656857415272474a78444d2f77416976736f56444e4373305a69704b795245724269716838626452576c6e47646378424a3344617a6d6b6b5a647565745530726f4a7264626a654b456c383057307a6b396d32794d6f49695141684d446e486a572b34662b6a50417369334c7645315a57694f717478754f525a6a2f445758364f635a53346a34612f6174334d33734d3256574738674d644159323231717577545975306f5a4355546346325642356a4d52384b567039426c4b4c58714c727078776243345532557731357234594d584c69497935516f47574f55316e4d46785071484a56424f6d2b753078456952764f6e634b6e34706a48757375646b5967664d6b6a586b5a35366371742b675676687a596c6c7839746e44416456444d7135684d687370424a4f6b4359305068575861515a726134685044756e39786e69395a532f6e79724c37726c6b41707070456a6675465633474f4a473961525753347473455a584372485a7a434e4f557a34366546646e73324f41327775584357444f30326735476e6a6d616a376c2f68544c6c3669316c37686831476b7a4873643550725131523643365a645563472f6b784371586c44726141796c7859636f534750744e6d496e6c37717463526373584d4c5977793377765658627a7936334149754659433551645141655735727162572b47584865785977434d537175345569797043734d7377515351534730476b317a62705a6666425931724e6d7a6174493643344561326d494d7752476134756143554f6b6d4f5662346a4c30386f316651767052684d4c687862612f61445330686d4b364645672f7339544b787550737248394d6359324a78665757696c785170555a627148646966705433565374306853366844595444673564577470315442695432686b4d514e4e4971717849444d5346434b546f736c6f384a4f7039394c3561693759563670616b5776554f72444d7241775472413045544775745339473242785370645146534e794c55676761516278467361784f626c6f4b7a37444b44476e6c544278473650384178482f65623861614f4e636f616556725a6e59735a627736526359447a474877547870452f4a48625743525751365934334476625255734158505a7a41596446456a534f6f3752494d77483339315a4e654c33694e79664f472f6942703176697a2f517445654e6d317635684161454d4c6a31735235552b68372f4a643947554b724233414b35644a553935354862513669444d5552776b433331793362637359743970435756733462733669474f584c4d6a516e57702b4938626457796c4d4f346762326751494561535448756f764459793874735878684c585673535a743963676c54456b4c63436b54706f434b70646f524c54497663666a634c61794f6c6e4447363932356d573038584c5a634d757135536f5259566c686a72727a4e57335376484c6847564a65374b574839754351705945444d68615841375a3561514e78574b7858487264302f4b59566a4c5a744c724474454154327333634b743858785a6364636534634a69485a62594c3547467a4b69456e4e4a737356477032494654616c734f6e48636259365157376c304a314c443973595971633262324a2b546b645872416b5a694e547970316e6947434b6c376c724f4652465059515464445331776d43514745444b464d61365472564c617659414d572b5841494b366f7241544f3362587670396b344849564e356f4a424f61334537615374786a79504c6e526439684c332b3550692b4b344d7130595651626836775a636b57317a5038414a7238696f49506532325664395a734f46644437474d74586355724c6831754f42617439707572682b32447962535931394b47784b5949345a625674384d626765532b71334d707a364633416d4a41694f584f4a6f2f672f4652617779574661775148596b646370654357507a51563569707a63363950637a3449656b7642384c68554e306a4f7479356c514b716941716b48353837673868797055483076784458734e5952556b7139776e4b632f744f784567445465764b746a747839526e4a71677a394774354674585330667446695a334b4e3356304f306f493249387471356230495964566442456a7245302f715058544f474a435a65364e504d31484a38526248384962687353477a727579474350644939523939655763615a37497a435343523371594948766b523456513273514662455853514153516464506b7330747142494378727a7132365032474349765a475653586e5673784a3039356b6e794866536f7a4e48676d4233495064702b667952547935424d48515472356556433237684267486c4536796157507842525330617764496a5a5a6b2b3448616d415077754a47676e544c616a736b61454e3452424130386a5566535038412b6b784f6b667a65392f796e72503841447242754f57655330376478747153515a326b39594e67506b394f64582f486c50366c666b7954683733777450574d30665068507964767a663473744263513348763841756f7774386c6250693338582b564659626831752b6372332b714962516457376b79717a47587567436e673666332f636153754e4c324b6b346f64514c57733959585064475141652f65707545594a3767754d715a6c74706e6336646c5a39725857504b72432f7754447263467358726a73544564586b314831794939394d7432384d424369385276326d5161392b674d55376b714a7778747372377a61314263414d41376a6e2b6647726671376336595336336a6e66376b71583958596a73344652395a726e33754b5253534b754465776230413431617731316b757955756947674577797a6c4a695351517a416743647158544934454654685956766c4134467536753442575334336b526f4237586454624b7845326264724b56495641724d783732597553424d61527a6a786f6a70336846613856745a594674486a35374d79676b67784a304d37382f4b6d5574784844616a4757427256765973576974715575457547574c624b4d7a693432704a4279396b322b56565748555a77476b43526d326b436459426a58777270584255733955746d3363516f747934797358734c664759696336733278415563395630707079705753787874307a4732385461544b457769456b774776584c6a6b2b49435a4164393469744c3050344c66782f5774617657734f62655432634f6d756650706d4862455a655a4f3951644c2b4858376d4b7464576c32376c416b68517741426e644a574e7a3631663448445978577a59664164564931653766613259385657356d4f3535556c74713056704a744d45346a774c694743747463754778647432786d4c4b37726369642b304e642b34316e6258546935726d5479496262345670627550764444635177624c61467578597a664a395a435847754c386d4463596b67676b38687070584c425255452b5543553271706c317772704a69624e7837693347445841775a7453777a4b567a4c714949423037744f345552672b4c334c726a4f69333255456a72695152336e4f726f53667245315257625a5967446d5939652f77727933645a544b6b6a6c3775366e6f6e644269346d32442b7a4131324249472f504d7254747a4a726559422b4358384c4e785031613849444e6d5a69534237534b6d565742356941523647755a33474a4a4a314a4d6e7a4e54344f336e5a554c35524f356b67547641484d77427075596f3049704e4d4d7865455a414377454f737151564d6a76674578754e44714a71733530626359793078496e7745382f6a5248386c5843676334584542434a4468574b6b524d676c59694e5a6d6774696b743067424c30534274343133506f4e305a344863773974757246786d5657593357596a4f4242305567434357455236785846385077767250325a636e754b4837713133527a447068625464646a72566f7a4a745a575a68346743446d506849303736446659476e75647a772f5254687731544359512b5056573250715154544d5a305a774a6d624747566d42554d4c64734554335141666a584b384e306f3279333877674545376d514f546472776b393154334f4f4f3239772b454750736970756446466976716232393042345730546830423137534f554139797541506350536f6266516a4357512f774372334c746f334146614c786d424d526f54706d4e59433978713450384178726e3737666a564c6a756b747a4d4c6658506d59774f30644a37396132752b67586a726c6d6734762b6a6268746f6b6e694856487575395766737956672b6b7643634c68774f70786476456b6d49524d7343447250574e3461654e64413446777977324836783056726f596832496c6d4f344a4a384350537559644b774269726f41674172412f71725478646b3570524b386b4562557767564a595753424945387a73504f7057777a63696a6554442f76544771304378536f6c634d784f71356645686f2b4530714e6936545439424c5a5a6277424168375a312b7263466272423478556b46786d55466f6a7730472f77423163373649346b3231764d444550614c665641756b6731704d6278685450564e624a367857314a49594249494255613671446c357a33317a3546636930483653664659705565346a756f30467657505a4952325a6a7931676139357261345171435845455a535a484d73337a652b535946637a784f4576334c6a4f56494c79544a5139356a32755232486a5670776472364f69793871775074624147543251534e704776493871445777557a7146724c6c4c457746426b37434234316d4d6230757358484143356b556e74466c42316943467a54476b36674862546c5761365534713765524c53733257584c463355546d6a6b6b534e576b48777279355a4974526175672b7a415a3468746963717a6f4245655a6b56714d5766446549584c682b5463685a456757797a456753786a357373317a625744563367735537344c47717a6d344573334f32526c4d745a75646b43544141432b7071673450774738414d724d47436e564264476835416849334d36622f4372317347396e43586b4674386f7458697a737042596d3238736377425063423341554139446a4150796473654c66625631304f76572f316c4d39737353335a4f6141505a35527166654b70562f5a322f363332316464462b4b4c5a7a4534627269476b484f793565794e4f79664930363566353144657859394a4c64733471346f776f4a6b71575a7273676e654147437a714e44504c536f734468537171426e5537627a36774b75377654567a4a584232304a2b63785a7a3673386a3356582f414b7731357339307144414752466741446d4e7050696655314c4e78795738507a774d753248673569666651567a6839786843584370384e2f5451316170634d51476d4f2f512f6655695865523139304e37752b754653616578334f4b6b747974345a67376c6d657a6164744343796f784242426e746f2f776a6c3355643069776c37465339305751784b546b43416e4b685653534c595936445874383145614343786342484e6834376a3454554f4e664d5a4868745078717938526b5a462b48786c4468656a6555356d3752357a42486f616d5169773645495843767351414a426e4b4a3332494f6b652f53726e44346a496a42684448514d5153414e4e6f32506a423849336f5571475a4f326f4161653149477830485a6d66436d6a4f546c3674785a5168474c3071697a7850365162746d356443594732576455664b584c5a637135633042464d6b5a6653714c69485358484b6968373356497768446252524b674464674330374863623166394d73414c5973355061594d37486d5363752f756744774137717a6436387a57757161306a5132615475504c5567383636646155714f56516457697578484673543154327a69637975725a672b566d59486547595a704d636a34566e4d4e6879783031387461314e69324e544543495945524133476d7832306a6e565a69384d6a48734c6b5065645067736a337a56464d6c4c48765a42772b3362533876576773674453756f4a4f52736f35483273737764717238516d566d58754a486f617463494c76574b726167794e35456b47504561785148465032317739377352354d5a48774e4f6e596b315147545871474b52723158494241324f2b67355535453066527247574557346d4a5a31517863485670624c4578475573774a41496261434e4a4f31584845656e527557785a772b48627130554b76573347634256454356584b6d336854656776414c4f49585063535147436e552f52426e654e4a37746a793371677866454c52754532625259733071726577736e525652544c6374574f75765a6f4b536b3666516478635661366c78774f304d5935532f6a65705561354c566f354344794a5746552b4c416a787251394a2b673244776d44753345573431784143486470314c714e5141466a5875716d364d574237654b6245573352315a4343696f705855454b51564545625a59323861752b6b58534f3164737668376d4b4e775045684c617463374c426842525655616762306a6c76534b52696c4735484b6d636e6638414937716e54473346325a68377a2b4d56376a6b7442766b6d636a576336674565686f616e493842642f6974352f6175452b672b79673572796c526f44625956613468654149573763414f344473416650576f484a4f704a4a38615a5874597736644b387232764b417a5051784778497056354e4b6941316651717a6e363965734e7656446d41556d426e456472546e576c58443456444c34317765377272536a30417246645267427131363833314c5948706d4e657265346375316e4533442f414572694a2f4344554a4f33772f742f5a564f74746a62766a65454c3764334f6672585750396756372f7062776d324956485962514663694e4e506c48476b316a4534786856396a4157352f326c32342f77414e4b6b74394a335857336873486238525942503841614a7061665a2f566f65332b493032483664344a484c57734937457a43354c4b67617447776276377459457a414e57746e702f6a6e2f59634d75363766744350374e746674724366365a342f595838672f6f4a625430797251654934396a4831664658326e76757648704e48532b792b37663841515071644d50482b5074714d486174447666535050506448325657385134687852315a4c2f4563425a444b565a6573737956594545646c474f7849304e6333427a456c704a37795a507870425249307261583766622f304f6e59742b4b3453335a434a627846712f414a4a745a6f556b37484d4236696a656a647335574f735a39592b71745a2b744630637a64557848307a50377130733155575778386f7338565a56795472352f6a2b4e4e54515248353844556250342b2f7744476e5733506d4f37384b35576453444d7833484c6e7a727872774f346e3361303631455342747a7068746e756e3766643331476b56746b397154747150453756367748497765376231703245737a4d4d4a2f4f34727939622b6c366a62316f58516162506547346d797a746176584d68455a546c4a552b59456d4f343644665772724459504347565846576255784a56725a6251677753777a447945622b4e5a793968564d5a74664f4439746548687148597376666c6468384a7271686b78726f633254486b6c777a6f7646734e6773543166573479326369774262654a38774741504f5a456d65367346307473594f7a6d3667763168793551716c5533314c796f5855625a4f34623831657741514357764d43502f4d755237774451566e42573977676e763250727a2b4e556c6e68324977775458554162683773737a3777646466436f313455334d6b39303644384b304e76443552325439782f436f376c7479646a2b65386336687232324f6a792b35515865476b612b7966556536716e693344325a387943533045676653316d50443033384b3132782b6a396e6f6638414b764c6c6c5733413137767a2b4e61476555474c504247616f353164744d7068675165346944546133393768366e51646f6478456a304e564637684e746d4b6f6e61324a5856566e5135675a3147384458617579486949794f4f66685a52366d752f5237612f6d6268514a7a7154354e62554833396c6f386178463631647772746274327a6e4a497a6c5a4a48494a47326b4531712f305a347062624e5a6465737a526c4149427a6f784b786d3250616630587646626a473464336a4c686350346d396d754d4e6f415644727a3569687171544334616f6f346b2b48784e77793633443962736a304d566f756a2f5254464f5a43737138796f4d2b70456a7a414e62624833317734505734757a682f43315a736f2f6f776534664d446e575834743035613677743247755a53797162747a4c6e414a6962616751763169536451526c4e50716b2b4248474b4b4870666844615a37597471716f34584e6c554f7a5a4a596b6e746e557833616435724d727656783067733956694d704577717a6d4d366b6472586e3270316a6e51747537614f2b5a504c62332f774461714a3745704c637271394e48765a42505a4b73503357394a42507051393344456369506a544355443137587557764b774430306a58684e655667746970557156594134563758677031426a6f3946534136476f357035326f4d716d4a5730723074556148577044796f475448714e50543744586862555636573069764271525148736c62382b6c61666f3068366c6a2f414c512b2b455453733961346665623262546b642b556765636e53746e3053775246693447674872435942566f4256514a676e6371665370354636536d4e2b704868735a74742b5970746d7842352b2b724f3567784f75683547695677594d475a50654b345a546f3746477746534f576e68587562595a54392f756f6d35675435652f384b677561614831356970326d50756a795642314d64782f47694c56366444714f2b6f706b5366556666536e7931395038715753766b4b59334557644f7a714b695145524f68334578384b6d79474a2b4172327956625169507a38504d5556736a4d6464647952416e3455725a4232696563364833696a467351647966742f4369724a74614e6c476e66765731497951415344335434666d52386139736f5a2f502f617663594a6152506c2b6436673633386e377857354e6445743344713374443331412b43413245696c2b7348786a3148343079376530304f6e6839346f714c584272524469625949676d56454567534732476a63774a6e554744413133415a4945425141427969522f6c556c7350634a41535933496742664d6e592b47395470776d2b78796f69733234424a58627549456b373651784d477271446c7951633145796d44574338444d5a495564356e3750476a734d31774f5663584d51496c304e316c4233396d5443396f714e7468525744437269487468565747494d5841354c53647a414133396b41527a31476b584538514c4e34686f424b36444d6f4d412b6366396a4664572f434f5461397a3345634f345465304857344337394639625a39374569503679315638583647596e444b62674b58726555746e747344436a74426950634e69525463567855664f5669702b6b75683870304e4257754f74617a43797a327777495a51657777595163796d51644e4e525478637571456c474b345a307667647131694d4f7775326c75715744695656694f73747274496b6248554d445754365864477344614447323757626f45697a50574c3441795131762b7354345474516642756c5055345a72615843475a516841424445444e424441677241626b5a30486a56517a6876476c567844536b56567a44734f564e4631687a506c79717a6133484d6968626c6b2b645555374a7978646764723837674776416f4f3239657661384b6a4b30354e70726b6b36746872452f4555795233656c6572644935303772516478574632473542795072705372334b76665874594a484e656a77707933414f5832552f7744577a2b5a7247516c734e39456a7a302b32703757445a75592b4a2f68426f6359746874413867425458764d64324a387a576f5a53447a77395237567950516661302f43704554444b64574c65386e3746483231553035454a324659795a62726a634f767332705069422f77425a66374b6b4848695059514c37324139464b6a3456556a444e7a3038366e7459456e35772b4e4932696954436e3435654a6b46516642466e31497a6647744a304378567937657542376a48354f653053666e72745033566d313463756b6b6e34612f477462304773716a33436f314b4154504b5166757155357174692b4f4473304e354f314239326e776f6a416f772b61664d37554e6a67535a392f6a522b44766c6b796b69592f5076727a7332334236474c334138553847444642596c51524d6131486933676d6556654a666a797064464b305a7936412b716e54617041336c547279534f577670554274465239347030307857677131366970337454715068393364564f704a626e493531593464353972512b576872536857356c4965754b4b3648382b645374635536382f77413730317454742b46493266643466683330746f4f35347a453761307749547a6d704649715230626355316f4734503153392b766361447859674d514f3042704735303238614b7632756635393942586d49377a54523573575846422f517a6a4f46466b3462456b726d7a464c733556596b4432322b6152472f754d633948784f307a444b31774d68485a59415a6474796f685a3851646434726e4f4b7777596c6b4a556e6659672f575536487a304e435762392b7a2b7a4c4c333955374b44356f78796e343132526c43547334704b63546f664275686a493265794c4c3835566f5077677a56686a2b677a33334c33634e627a4579585a69784a385a59366546633673644d4d53756a484e396577702f6769724b7a30367552376467662f774174302f3841795630716a6e646c3578626f6c625247746a35533478456d4f796f42424d446373596a59434361356e306834554c4e3972617344456144574769537675305076697448784c70686675416758377362526273725a48726d7a6647737a6158745a6a37682b504b6c636b686c47324232634a72566a6177766c3556506273673669707a6250352f477564354e52304c48533241587365592b496f65346e354657624d523555506356543465565a534d30567841706a57364e66442b522b326f4462672f6a564649526f44613155544a52375736676532616f70457051425970564e6c72796d736e6f4961564b6c54457a3055354e36564b73464279494f3455366c5371444f6c456735564a6861564b6b664252636864763268356664576b36456a322f4c376c7055716b7930655338752f6a39394f58592b36764b56633251366f4147503972316f573175507a794e4b6c526a774b2b5365337a70793671302f6e576c5371622b495a634546335a547a30715733742b652b7661564f754258794532665a7154443667307156536e774f677456476d673250774e4558683254353071564968796a752f744b4776373071566443496c5a6974476f653537494e4b6c54766845794f2b6f6967337055717244676c4944764474483356496c4b6c565754524d7533756f6b48627972326c5570466f697847346f56747a58744b7152456c79446f6531464f7537476c536f766b546f414f6450536e6371564b71434969464b6c536f6d522f2f396b3d, 'Lorem ipsum dolor sit amet consectetur, adipisicing elit. Vero, asperiores repudiandae tempora sit cum molestiae impedit voluptas aut, quidem inventore corporis qui ea ad dicta illo beatae blanditiis neque velit.Lorem ipsum dolor sit amet consectetur, adipisicing elit. Vero, asperiores repudiandae tempora sit cum molestiae impedit voluptas aut, quidem inventore corporis qui ea ad dicta illo beatae blanditiis neque velit.Lorem ipsum dolor sit amet consectetur, adipisicing elit. Vero, asperiores repudiandae tempora sit cum molestiae impedit voluptas aut, quidem inventore corporis qui ea ad dicta illo beatae blanditiis neque velit.');

-- --------------------------------------------------------

--
-- Estrutura para tabela `estabelecimentos_salvos`
--

CREATE TABLE `estabelecimentos_salvos` (
  `id_estabelecimento_salvo` int(11) NOT NULL,
  `id_cliente` int(11) NOT NULL,
  `id_estabelecimento` int(11) NOT NULL
) ENGINE=InnoDB DEFAULT CHARSET=utf8mb4 COLLATE=utf8mb4_unicode_ci;

-- --------------------------------------------------------

--
-- Estrutura para tabela `funcionarios`
--

CREATE TABLE `funcionarios` (
  `id_funcionario` int(11) NOT NULL,
  `id_estabelecimento` int(11) NOT NULL,
  `nome` varchar(150) NOT NULL,
  `foto` blob NOT NULL
) ENGINE=InnoDB DEFAULT CHARSET=utf8mb4 COLLATE=utf8mb4_unicode_ci;

--
-- Despejando dados para a tabela `funcionarios`
--

INSERT INTO `funcionarios` (`id_funcionario`, `id_estabelecimento`, `nome`, `foto`) VALUES
(4, 5, 'Rodolfo', 0x747970653a696d6167652f6a7065673b6261736536342c2f396a2f34414151536b5a4a5267414241514141415141424141442f3277434541416b47427849514568495145684d5145424956454138534542415145413850447841514652495746685553465255594853676747426f6c47785556495445684a536b724c6934754678387a4f444d734e7967744c69734243676f4b4467304f4742415146797364487830744b7930744c5373744c5373744c5330744c5330744c5330744c5330744c5463744c5330744c5330334c5330744c5330724c5330744c5373724c5330724c5373724b2f2f41414245494151414178514d4249674143455145444551482f784141634141414242414d4241414141414141414141414141414141417751464267454342776a2f784141364541414341514d44416751464151514a42514141414141414151494442424546456945785151594855574554496e47426b544a4363714778434251564979517a556f4c524a564f536f724c2f7841415a41514144415145424141414141414141414141414141414141674d454151582f784141694551414341674d4241414943417741414141414141414141415149524179457845694a424246455446444c2f3267414d41774541416845444551412f414f346741414141414141414267414d674141414152486948784a62574650347478556a546a6e433774763648486646336e644f546c54736f37457546576548753938414233537463516773796c474b39326b5632393866366452626a4f3567704c71755765584e5838545864314c6456725462666f334666774969556d2b72622b72794148712b68356e3658506a2b73775439314973466e7231745778384f724357556d75635a2f4a34764659584e52644a7a58306c4a414237636a4a50707a394f544a3550384c2b5a463959744b4e52314b6637554a2f4d3276717a727668587a6e744c6a35626e2f4453364a766d4d6e39756741645441517337754661437155354b6358306b75677541414141414141414141414141414141414141414141414141414147477741477a6e486d54356d30724345714e43537158505443773144335a462b62506d6243336a4f7a745a62717a546a556e46385139562b447a39556e4b623353626c4a3874747473416f666133727478657a645376556c4f54375a65333845614b71692f5131644e6f35614f2b574a6d6347646a4d71444f3267706d72424933324d556851666f637448664c45444b467667533944614e752f51353652337779322b42764d613630795559626e5674382f4e53664c2b7a665471656950422f6a4732314f6e766f7957356672707472636a795a2f56327571486568367a58734b30613943546a4b4c57567a6872756d6a716b6d6363576a3257425350416e6d4e62616a434d584a55362b467670793966564d753530554141414141414141414141414141414141414141446c666e503438646c42577443532b4e55543353584c676c6a4b66354c37347231714e6a6131626966534d6550336e776a794671756f314c71744f7655626c4f6373742f7941424b4b6c556b3553626b323874766c7366516f525339784f3068774f483049796b617363465271326174475a4930464b555965415352684d3269674f43716768785353516845566949796953464655586f4f6163652b4268744a4f77704f53465a524956685155757147393770555a6446676d4b64426f4b73446962523255497446486a4b706231464b44634a786b6d6d6e6a6f6569764b50782f4c55594f6a58777130456b6e2f414e7859584a7854584c425a337044507778726c5854727146656d2b6b6b704c733474382f7741445843566f38374c6a3873396747526e704e2f43346f77725165597a696d6e2f4d65446b67414141414141414141414141414141446b763841534331663464724332797331586e486645576a7a37535230377a2f75314f3968444f646b576d76544f446d6c4a48474e46624a4733683870764a436c764835524f70314d374e73654775424b53464d69556d43413146494768764248515172466d79434d54614b455936463455736b336f795336726b5955307349665731524951716956326f62565950497571695379767761516e6b34644e4c716970516137396d556e567262446671586d70305a553954686c794b3433737a35316f37703547617a386578564a764d714f464c376e535467333948693663617478533753616630776a764a7150505941414141414141414141414141414142355638354b753756726c663658464c2f785255615435525a764e6c353161372f66582f77416f72647054335351736834644a6d6c2b6b61316d5073635947567a314d357334684e4775773256534a7536736655616d6374476b59696b59477678454b526b4b374756436968673270727559795a6930685278315469324f37656b786b727945657049326d6f307575554c3559796e48396a6c5a36636a366a543439794f6c71644a7667663256374357566e6e3042706e665366324a705a2f6956665634375a53376c7253355a57664564504532787358525079463853312b524652712b6154654a4b5756396a305965636649742f384155503841624c2b52364f4e68357241414144674141414141414141414251664e507878553071464a556f786c5571377475376c4c4148557230635138345959316136393552663841366f726d6e4c356b4f66466574316236764b3472526a47704c473759734c3247756c6671456c77704256496b36315270455a58636e317953736f647876587549783436736b6d614a49694a776b4a345939754650627632765a6e4737734d6e555a5a575a35556e303368466a32317a3347455a736d624a4a78794a4d7069327a4e4f66593275595041767039425371626663734f6f32384b634d7464455a334b6d616c43305557357076754e34786c324672753563705030794e3156614e53756a464b6b7955737253636d697857326c744c4b654833494c53726d47473571706c64342f7058757964302f566473746b6d7072744b505266556a4e79526f784b4c2b7952735a76474a5a7a3673685045792b5a466e53545755567a78545434692f71537875354673792b424f6553456d7453676c2b6c777162767877656b6a7958344e3132745956666a554971565444533372356359355051486c70347371616c54714f716f71564f555533486f386f32656c64486e754471793641414445774141414141414141504f336e66715878722b4e444f56535834796569447a4e357232327a55376d5466585a682f5953623056777135465575714d5a4a744466536f3978614e614d55344a357a334637536a74696956306a51347079744364374a34342f674d6f55452f774257636b725570706f6a37696b31304f5259306f6d747a63542b4838484b325a547839434f323448457369547073736d5a3551452b354b32636d6c6761304c56736b36464e4a45386b69754744513630685034696675546d715576694c5932794e30574b336c68756f4a382b786b6b365a36454933476a6d3139624f6e4e7866322b676a38504a634e5a306854572b4c3549442b6f79692b556134355530595a344b5a4c65474b4745347661314c716e7a6b6e5834627051572b4c663775654375324e527765536574372b63384c73536c4e6c6f59305364436d6c4442432b49614f364830614a3668446a44366a532b6f7070702f556c4630796b6c616f623664703064736161776e736b39333236463538694b6a6937716b2b477078342f4a7a57773179454a4b46524e3466574c523172796b705535314c697654663670527976735878333649356b6c6a4f6e67434131486d674141414141414147447a4a35327a663841616456647351782b4430346356382b4e415535557138654868376e3669794b592b6e46626147586b6e7161796b513142624a4f4c3947544668504d492b70444a773151364468794e376d424a62426c644a4530797a57694a6e4578434a76586d6b4a55704f54344c626f6a71795374614378314848776b7554573273704e4a6f66314c584e504f655631524a6c34725272704d766d4c6254742b4532557a535a66336958756a6f7465644677684350797977747a6237344a53566c6f7930514f6f7870773739652f59682f677076716d544f743247796c5044335a542b7853343363364d6b6e6e42324d6257676c4a4c70503841396e72726766324e756b4a614e66716f7366676d49704c4848555232466f796d4d645365466e31344a476f6c315243612f567842763077456569766855745a746668532b75654472333948756c505a6353656475364750777a6c4561663962717650546a2b52364a38724e4a56765a78777362756677624d66614d6d665553354751417559514141414141414141494c786a6f736279326e4358445362692f54484a4f6964656e756a4b50724672386f3431614f70307a795271316b6c556c374e352b7733302b76324c6c3430384c56726134714c5a4b616b32344e4a744d7046476e4b6e4e776d74736c2b705073517030374e6a6b744e457a385959616a56535170536e6e676a39556e6d5369546a485a575576694d4a4e79592b74493447793465427735504842615449522f592f645a745955746f705472795361636b2f7077524534794557702b347167552f6b5a5036557637785030354a793530367257653558455970644937656679555a584531335a4a574e3556586469754662486a6c76526362656b3455396b706645667230496258644d3377796c7975555a74723262664f52395772356a6a474d4574706c6d314a555658536270303570506a6b764e47363352544b666355497a6b38635358526b336f3952754f31395564794b39695933394530362f44494c58616d354b4b377444756458356e46444f765931613953464f6b6e4f5763714b37343669593173624a4c512f77424c7359516e4634786d55466a376f39476164516a54707768465953697349354a3451384f564c6d764756536d36634959335a3956304f7952574f4456686939746d50387161644a47514143356b41414141414141414141414145366c474d7573597636704d38782b593970384c55376859776e4a59347776306f3951484366507a53746c6568637858456f7a3376333453466b744451657a6d634f4a724833454e516a746b326237737450766b5531476e6c5a49385a72573052464f615479316b63793148305744464733336343646578635837646837544a564a634838624772556a76556372723968743843666f7951306e574a305979684e626f75446a456e4e45314b317153536b6c444650684e634f5972625252555647536b6e6a4850706765553656614b7a74654f7652394331796f304a3131307a684e59357979345470306e52684e785432792b66686352534a2b374b556b6379744e567152575a51636f7232774f356131516d735a3250304a50784c71744f684434464f6e475535536c4c6a744758526c4a576b315a506c596262615136696d72597370795470624656632f337644347a314c50704c7a4a2f51716b374e776c6a76334c50704b787a37453874566f66446437444d766a50304c3335533250784c75565874542b2f556f645372746b31332f354f3165554f6d756c624f704a596c4e357a366f624648596d655649766b594a64456c39456b624142714d49414141414141414141414141414141414850664f367a55394f6e503971456f592b6a6b6a6f525876486c4b4d724b7370704e593650314f4d36756e6c476855372b364a47356c75584177713039736d7569793866517a476f2b6d534c566d6d4c6f32705232736b3451556c686b584635486c7458456c5a61445270576f37654a4c4b476d354a343766676c61303030526c614b7a3644526c6654736c51387462373462553439552b4f5353586943744f4d6f4b5749797a752b3557326b68316131456761514b534c4870394f4555716b766e716473396b534e4b33776e4f585639434e30764858424958567939754f354763337847694d5630726d7078573565755355732b495a39694e7152556e756c3639426172664b4d63642b79395138746b2f53693278356f316b376d366853587a5a6c4864394530656d3950746f3071634b63566852696c6a374845504a477733334571307632656d54764271677152677a537551414146434941414141414141414141414141416864336c4f6b743153634b61395a7955562f45414e72693468546935546c474556316c4a714b2f4c4f592b59486a2b7a7255616c6e52714f645a7464463875452b65546d2f6d39343371336c784f337031503850423453684c35616e75796b61482f414a712b6a4f53344e42584a45786430464a652f4a4458447831362b70594a7359586c464e5a78795a34534e6d53483649326c634479447a48334932745363526131722b76516f3433776a47564f6d506f7965424f54794372706651536e5645534c6572463656464d66323171736b5a54726a2b3276456d63646a526353617072616852535863617a7649754c786a4f4f434d31472b327247637636386b3477625a5365564a43463558784e2b6e6242747074724b724f4d76666a497a744c616452715434575333615651786a324b536169694f4f446e4b326450386f3756526c5661574d4b4a31413832562f464e665461314772536b31484c2b4a542f5a6d7663367a3447387a4c5855354b6974314f746a4c6a4a59692f7742336e6b726964784d2b64564d7651414251694141414141414141416e577252676e4b545559727135504358334f4f612f3535553038576c4a7a343564564e636e4c2f45586a322b76473939616349504f61634a50594e354137663436383172657869345548477657375935677671307a67766962786a6436684e7574566e736234704b5432522b694943636d2b5732333673774b414d6b64442f77417a374d6a32504e4a716261697a364d57584238622b534c47316b627a462b776c4f4a6b523662344d4c696d6e3249717453635754636b493137666369735a305a736d4b794c5666737a58654b3137624133617757564d7976306a66656278726534696b6251704e6e58514a7358567a4c746b6457646c4b62335335466450303574355a4d556157313477516e4f75476e486963747946374b33535852594a6d336868444f336a37456e536868475755725051684652525676472f536b2f71562f5174546e61313664656d38536a4a506a307a796977654f4878532f334653676273502b5565582b542f414c50557668587a4f737233624463366452704a716549707978324c306a784c547175456f796932704a355458564d367a34513835366c42517058635855676c6a346979366a4c4b4e71305a7250514946663044786a5a33734979705659356b73374a4e4b612b714a394d576a706b4141415044366b776b7a4a71786a686741415536426d45734e50304d4141466d3036385652593455765158714c4256495648486c5044396954746456665366354953782f614e6d50386a365a4a503145354946565575557a5463533458744d547277794d716c456b7076496d3659305a4353696d52744f6c79534e706272304e56545753546f70485a544f51783748316c5478464c67634b6c7961555938446d6b75544b32626f4963323842372f4c4132334a4c4c6153585673712f69487848755470557546306c502f673743446d784d75525157794c3854616771315637663052654639653545524d5a7962486f78564b6a78357939537358744b4f35386863555846342f69504e4c70385a3954653557636d2b4f5034575a334c35444b7a7131616374394a79684c2f5648686e526643666d6665326d49315838656e786c79655a7065787a32337539764458412b7079556c7738684745583036327a306270486d645931346233503454347a4766444d6e6d2f6175365441352f4241352f4979464d4d796173794d7141414170303363654d2f6b304846425a54516e384c302f41376a6f35596d774d74594d4355644e36645678364d6b4b643175584a4747305a34466c464d704449346b7647714b62694a6a63473675795478737573794a4a64636a75336e795171766659555770593649563432786c6d69697a55366e596c4c64704c4d6e684a5a625a523172456c302f6b6133477331616b647261533975425036375a582b33464964362f725472536359747870726a48723953474d41616f785556534d4753626d375a6b5774616536536a366953513930794f4b6b545269686369556e6f6d34323232504870775274587554465a352b6848566161655430736b64556a4e466b48497a4762584b59746355476e6e73495a4d456b307a51746a7146362b3444526748746835526c77453268314a6771596a676454473059436b6f594664686e5948674c453764386d315662586b46484276566c6c444a614f665a76746a4d5271576a37434d736f5570334c585535703944596c4b6b31324e4d4439566c4c2f674a7a534f504767394441426564625047454a71496e6e39445761475356685a5161584436656f686357474f59387230486547565763394959676a66614b553068566a624f324a7047386166714b746f31624b72476b6373425368505a4a53363445677955546f556e3433616d737272335864434c495a54613554486c472f37532f4a565a623654634b344f6e45623172574c396d4b797252786e493271336158546e334354515254473872575339774e5a58456e334d6d66346c4e6e2f2f32513d3d);

-- --------------------------------------------------------

--
-- Estrutura para tabela `servico`
--

CREATE TABLE `servico` (
  `id_servico` int(11) NOT NULL,
  `id_estabelecimento` int(11) NOT NULL,
  `nome_servico` varchar(30) NOT NULL,
  `preco` decimal(6,2) UNSIGNED NOT NULL
) ENGINE=InnoDB DEFAULT CHARSET=utf8mb4 COLLATE=utf8mb4_unicode_ci;

--
-- Despejando dados para a tabela `servico`
--

INSERT INTO `servico` (`id_servico`, `id_estabelecimento`, `nome_servico`, `preco`) VALUES
(6, 5, 'Infantil', 12.00),
(7, 5, 'Adulto', 20.00),
(8, 5, 'Luzes', 15.00);

-- --------------------------------------------------------

--
-- Estrutura para tabela `servico_funcionario`
--

CREATE TABLE `servico_funcionario` (
  `id_servico_funcionario` int(11) NOT NULL,
  `id_funcionario` int(11) NOT NULL,
  `id_servico` int(11) NOT NULL
) ENGINE=InnoDB DEFAULT CHARSET=utf8mb4 COLLATE=utf8mb4_unicode_ci;

--
-- Despejando dados para a tabela `servico_funcionario`
--

INSERT INTO `servico_funcionario` (`id_servico_funcionario`, `id_funcionario`, `id_servico`) VALUES
(7, 4, 6),
(8, 4, 7),
(9, 4, 8);

--
-- Índices para tabelas despejadas
--

--
-- Índices de tabela `agendamento`
--
ALTER TABLE `agendamento`
  ADD PRIMARY KEY (`id_agendamento`),
  ADD KEY `id_cliente` (`id_cliente`),
  ADD KEY `id_funcionario` (`id_funcionario`),
  ADD KEY `id_disponibilidade` (`id_disponibilidade`);

--
-- Índices de tabela `agendamento_servico`
--
ALTER TABLE `agendamento_servico`
  ADD PRIMARY KEY (`id_servico_agendado`),
  ADD KEY `id_agendamento` (`id_agendamento`),
  ADD KEY `id_servico` (`id_servico`);

--
-- Índices de tabela `cliente`
--
ALTER TABLE `cliente`
  ADD PRIMARY KEY (`id_cliente`),
  ADD UNIQUE KEY `email` (`email`);

--
-- Índices de tabela `disponibilidade`
--
ALTER TABLE `disponibilidade`
  ADD PRIMARY KEY (`id_disponibilidade`),
  ADD KEY `id_estabelecimento` (`id_estabelecimento`);

--
-- Índices de tabela `disponibilidade_funcionario`
--
ALTER TABLE `disponibilidade_funcionario`
  ADD PRIMARY KEY (`id_disponibilidade_funcionario`),
  ADD KEY `id_funcionario` (`id_funcionario`),
  ADD KEY `id_disponibilidade` (`id_disponibilidade`);

--
-- Índices de tabela `estabelecimento`
--
ALTER TABLE `estabelecimento`
  ADD PRIMARY KEY (`id_estabelecimento`),
  ADD UNIQUE KEY `email_proprietario` (`email_proprietario`),
  ADD UNIQUE KEY `localizacao` (`localizacao`);

--
-- Índices de tabela `estabelecimentos_salvos`
--
ALTER TABLE `estabelecimentos_salvos`
  ADD PRIMARY KEY (`id_estabelecimento_salvo`),
  ADD KEY `id_cliente` (`id_cliente`),
  ADD KEY `id_estabelecimento` (`id_estabelecimento`);

--
-- Índices de tabela `funcionarios`
--
ALTER TABLE `funcionarios`
  ADD PRIMARY KEY (`id_funcionario`),
  ADD KEY `id_estabelecimento` (`id_estabelecimento`);

--
-- Índices de tabela `servico`
--
ALTER TABLE `servico`
  ADD PRIMARY KEY (`id_servico`),
  ADD KEY `id_estabelecimento` (`id_estabelecimento`);

--
-- Índices de tabela `servico_funcionario`
--
ALTER TABLE `servico_funcionario`
  ADD PRIMARY KEY (`id_servico_funcionario`),
  ADD KEY `id_funcionario` (`id_funcionario`),
  ADD KEY `id_servico` (`id_servico`);

--
-- AUTO_INCREMENT para tabelas despejadas
--

--
-- AUTO_INCREMENT de tabela `agendamento`
--
ALTER TABLE `agendamento`
  MODIFY `id_agendamento` int(11) NOT NULL AUTO_INCREMENT;

--
-- AUTO_INCREMENT de tabela `agendamento_servico`
--
ALTER TABLE `agendamento_servico`
  MODIFY `id_servico_agendado` int(11) NOT NULL AUTO_INCREMENT;

--
-- AUTO_INCREMENT de tabela `cliente`
--
ALTER TABLE `cliente`
  MODIFY `id_cliente` int(11) NOT NULL AUTO_INCREMENT, AUTO_INCREMENT=4;

--
-- AUTO_INCREMENT de tabela `disponibilidade`
--
ALTER TABLE `disponibilidade`
  MODIFY `id_disponibilidade` int(11) NOT NULL AUTO_INCREMENT, AUTO_INCREMENT=132;

--
-- AUTO_INCREMENT de tabela `disponibilidade_funcionario`
--
ALTER TABLE `disponibilidade_funcionario`
  MODIFY `id_disponibilidade_funcionario` int(11) NOT NULL AUTO_INCREMENT, AUTO_INCREMENT=54;

--
-- AUTO_INCREMENT de tabela `estabelecimento`
--
ALTER TABLE `estabelecimento`
  MODIFY `id_estabelecimento` int(11) NOT NULL AUTO_INCREMENT, AUTO_INCREMENT=6;

--
-- AUTO_INCREMENT de tabela `estabelecimentos_salvos`
--
ALTER TABLE `estabelecimentos_salvos`
  MODIFY `id_estabelecimento_salvo` int(11) NOT NULL AUTO_INCREMENT;

--
-- AUTO_INCREMENT de tabela `funcionarios`
--
ALTER TABLE `funcionarios`
  MODIFY `id_funcionario` int(11) NOT NULL AUTO_INCREMENT, AUTO_INCREMENT=5;

--
-- AUTO_INCREMENT de tabela `servico`
--
ALTER TABLE `servico`
  MODIFY `id_servico` int(11) NOT NULL AUTO_INCREMENT, AUTO_INCREMENT=9;

--
-- AUTO_INCREMENT de tabela `servico_funcionario`
--
ALTER TABLE `servico_funcionario`
  MODIFY `id_servico_funcionario` int(11) NOT NULL AUTO_INCREMENT, AUTO_INCREMENT=10;

--
-- Restrições para tabelas despejadas
--

--
-- Restrições para tabelas `agendamento`
--
ALTER TABLE `agendamento`
  ADD CONSTRAINT `agendamento_ibfk_1` FOREIGN KEY (`id_cliente`) REFERENCES `cliente` (`id_cliente`),
  ADD CONSTRAINT `agendamento_ibfk_2` FOREIGN KEY (`id_funcionario`) REFERENCES `funcionarios` (`id_funcionario`),
  ADD CONSTRAINT `agendamento_ibfk_3` FOREIGN KEY (`id_disponibilidade`) REFERENCES `disponibilidade` (`id_disponibilidade`);

--
-- Restrições para tabelas `agendamento_servico`
--
ALTER TABLE `agendamento_servico`
  ADD CONSTRAINT `agendamento_servico_ibfk_1` FOREIGN KEY (`id_agendamento`) REFERENCES `agendamento` (`id_agendamento`),
  ADD CONSTRAINT `agendamento_servico_ibfk_2` FOREIGN KEY (`id_servico`) REFERENCES `servico` (`id_servico`);

--
-- Restrições para tabelas `disponibilidade`
--
ALTER TABLE `disponibilidade`
  ADD CONSTRAINT `disponibilidade_ibfk_1` FOREIGN KEY (`id_estabelecimento`) REFERENCES `estabelecimento` (`id_estabelecimento`);

--
-- Restrições para tabelas `disponibilidade_funcionario`
--
ALTER TABLE `disponibilidade_funcionario`
  ADD CONSTRAINT `disponibilidade_funcionario_ibfk_1` FOREIGN KEY (`id_funcionario`) REFERENCES `funcionarios` (`id_funcionario`),
  ADD CONSTRAINT `disponibilidade_funcionario_ibfk_2` FOREIGN KEY (`id_disponibilidade`) REFERENCES `disponibilidade` (`id_disponibilidade`);

--
-- Restrições para tabelas `estabelecimentos_salvos`
--
ALTER TABLE `estabelecimentos_salvos`
  ADD CONSTRAINT `estabelecimentos_salvos_ibfk_1` FOREIGN KEY (`id_cliente`) REFERENCES `cliente` (`id_cliente`),
  ADD CONSTRAINT `estabelecimentos_salvos_ibfk_2` FOREIGN KEY (`id_estabelecimento`) REFERENCES `estabelecimento` (`id_estabelecimento`);

--
-- Restrições para tabelas `funcionarios`
--
ALTER TABLE `funcionarios`
  ADD CONSTRAINT `funcionarios_ibfk_1` FOREIGN KEY (`id_estabelecimento`) REFERENCES `estabelecimento` (`id_estabelecimento`);

--
-- Restrições para tabelas `servico`
--
ALTER TABLE `servico`
  ADD CONSTRAINT `servico_ibfk_1` FOREIGN KEY (`id_estabelecimento`) REFERENCES `estabelecimento` (`id_estabelecimento`);

--
-- Restrições para tabelas `servico_funcionario`
--
ALTER TABLE `servico_funcionario`
  ADD CONSTRAINT `servico_funcionario_ibfk_1` FOREIGN KEY (`id_funcionario`) REFERENCES `funcionarios` (`id_funcionario`),
  ADD CONSTRAINT `servico_funcionario_ibfk_2` FOREIGN KEY (`id_servico`) REFERENCES `servico` (`id_servico`);
COMMIT;

/*!40101 SET CHARACTER_SET_CLIENT=@OLD_CHARACTER_SET_CLIENT */;
/*!40101 SET CHARACTER_SET_RESULTS=@OLD_CHARACTER_SET_RESULTS */;
/*!40101 SET COLLATION_CONNECTION=@OLD_COLLATION_CONNECTION */;
